Firstname,Lastname,Email,Username
James,John,james@email.com,jamesuser
Jerry,Adams,jerry@email.com,jerryuser
Mary,Joseph,mary@email.com,maryuser
Andrew,Davids,andrew@email.com,andrewuser
Bade,JOshua,bade@email.com,badeuser
THomas,Jeff,tom@email.com,tomuser
Henry,First,henry@email.com,henryuser

